[{"identifier":{"id":"xabikos.javascriptsnippets","uuid":"a2cec723-5349-460d-9de9-0fd1f8d3456f"},"version":"1.8.0","location":{"$mid":1,"path":"/c:/Users/USER/.vscode/extensions/xabikos.javascriptsnippets-1.8.0","scheme":"file"},"relativeLocation":"xabikos.javascriptsnippets-1.8.0","metadata":{"installedTimestamp":1753288998249,"pinned":false,"source":"gallery","id":"a2cec723-5349-460d-9de9-0fd1f8d3456f","publisherId":"8961c3fe-3ec6-429d-886a-50b5af362a88","publisherDisplayName":"charalampos karypidis","targetPlatform":"undefined","updated":false,"private":false,"isPreReleaseVersion":false,"hasPreReleaseVersion":false}},{"identifier":{"id":"ritwickdey.liveserver","uuid":"46cc5bbd-b098-4568-9b87-f91e07d26f2d"},"version":"5.7.9","location":{"$mid":1,"path":"/c:/Users/USER/.vscode/extensions/ritwickdey.liveserver-5.7.9","scheme":"file"},"relativeLocation":"ritwickdey.liveserver-5.7.9","metadata":{"installedTimestamp":1753290327745,"pinned":false,"source":"gallery","id":"46cc5bbd-b098-4568-9b87-f91e07d26f2d","publisherId":"17fd9a78-e430-4a78-add2-ade4a8830352","publisherDisplayName":"Ritwick Dey","targetPlatform":"undefined","updated":false,"private":false,"isPreReleaseVersion":false,"hasPreReleaseVersion":false,"isApplicationScoped":true}},{"identifier":{"id":"thekalinga.bootstrap4-vscode","uuid":"2a658c1b-308a-41e8-805a-fc8abda483bc"},"version":"6.1.0","location":{"$mid":1,"path":"/c:/Users/USER/.vscode/extensions/thekalinga.bootstrap4-vscode-6.1.0","scheme":"file"},"relativeLocation":"thekalinga.bootstrap4-vscode-6.1.0","metadata":{"installedTimestamp":1753290516978,"pinned":false,"source":"gallery","id":"2a658c1b-308a-41e8-805a-fc8abda483bc","publisherId":"8022f0dd-2cba-4910-b31b-09a943e8db48","publisherDisplayName":"Ashok Koyi","targetPlatform":"undefined","updated":false,"private":false,"isPreReleaseVersion":false,"hasPreReleaseVersion":false}},{"identifier":{"id":"akamud.vscode-theme-onedark","uuid":"9b2c953d-6ad4-46d1-b18e-7e5992d1d8a6"},"version":"2.3.0","location":{"$mid":1,"path":"/c:/Users/USER/.vscode/extensions/akamud.vscode-theme-onedark-2.3.0","scheme":"file"},"relativeLocation":"akamud.vscode-theme-onedark-2.3.0","metadata":{"installedTimestamp":1753541401512,"pinned":false,"source":"gallery","id":"9b2c953d-6ad4-46d1-b18e-7e5992d1d8a6","publisherId":"1a680e61-b64e-4eff-bbbb-2085b0618f52","publisherDisplayName":"Mahmoud Ali","targetPlatform":"undefined","updated":false,"private":false,"isPreReleaseVersion":false,"hasPreReleaseVersion":false}},{"identifier":{"id":"github.github-vscode-theme","uuid":"7328a705-91fc-49e6-8293-da6f112e482d"},"version":"6.3.5","location":{"$mid":1,"path":"/c:/Users/USER/.vscode/extensions/github.github-vscode-theme-6.3.5","scheme":"file"},"relativeLocation":"github.github-vscode-theme-6.3.5","metadata":{"installedTimestamp":1753541446432,"pinned":false,"source":"gallery","id":"7328a705-91fc-49e6-8293-da6f112e482d","publisherId":"7c1c19cd-78eb-4dfb-8999-99caf7679002","publisherDisplayName":"GitHub","targetPlatform":"undefined","updated":false,"private":false,"isPreReleaseVersion":false,"hasPreReleaseVersion":false}},{"identifier":{"id":"visualstudioexptteam.intellicode-api-usage-examples","uuid":"9fa2a00e-3bfa-4c2a-abc4-a865bb2b5cf3"},"version":"0.2.9","location":{"$mid":1,"path":"/c:/Users/USER/.vscode/extensions/visualstudioexptteam.intellicode-api-usage-examples-0.2.9","scheme":"file"},"relativeLocation":"visualstudioexptteam.intellicode-api-usage-examples-0.2.9","metadata":{"installedTimestamp":1757333171424,"pinned":false,"source":"gallery","id":"9fa2a00e-3bfa-4c2a-abc4-a865bb2b5cf3","publisherId":"e8db1608-52e8-4d8d-92a6-779c5db302a9","publisherDisplayName":"Microsoft","targetPlatform":"undefined","updated":false,"private":false,"isPreReleaseVersion":false,"hasPreReleaseVersion":false}},{"identifier":{"id":"vscjava.vscode-maven","uuid":"b0f06c6b-24fb-4d7b-bd79-bc5e2fa17312"},"version":"0.44.0","location":{"$mid":1,"path":"/c:/Users/USER/.vscode/extensions/vscjava.vscode-maven-0.44.0","scheme":"file"},"relativeLocation":"vscjava.vscode-maven-0.44.0","metadata":{"installedTimestamp":1757518548086,"pinned":false,"source":"gallery","id":"b0f06c6b-24fb-4d7b-bd79-bc5e2fa17312","publisherId":"bae08b87-578e-41ec-ab1c-0b036e7add88","publisherDisplayName":"Microsoft","targetPlatform":"undefined","updated":false,"private":false,"isPreReleaseVersion":false,"hasPreReleaseVersion":false}},{"identifier":{"id":"visualstudioexptteam.vscodeintellicode","uuid":"876e8f93-74d0-4f4f-91b7-34a09f19f444"},"version":"1.3.2","location":{"$mid":1,"path":"/c:/Users/USER/.vscode/extensions/visualstudioexptteam.vscodeintellicode-1.3.2","scheme":"file"},"relativeLocation":"visualstudioexptteam.vscodeintellicode-1.3.2","metadata":{"installedTimestamp":1757518548100,"pinned":false,"source":"gallery","id":"876e8f93-74d0-4f4f-91b7-34a09f19f444","publisherId":"e8db1608-52e8-4d8d-92a6-779c5db302a9","publisherDisplayName":"Microsoft","targetPlatform":"undefined","updated":false,"private":false,"isPreReleaseVersion":false,"hasPreReleaseVersion":false}},{"identifier":{"id":"azemoh.one-monokai","uuid":"b027c4b2-25ad-46db-b574-05dae3b2dc92"},"version":"0.5.2","location":{"$mid":1,"path":"/c:/Users/USER/.vscode/extensions/azemoh.one-monokai-0.5.2","scheme":"file"},"relativeLocation":"azemoh.one-monokai-0.5.2","metadata":{"installedTimestamp":1757685948795,"pinned":false,"source":"gallery","id":"b027c4b2-25ad-46db-b574-05dae3b2dc92","publisherId":"25cdca6a-b422-4806-9041-a44a52d1a7d5","publisherDisplayName":"Joshua Azemoh","targetPlatform":"undefined","updated":false,"private":false,"isPreReleaseVersion":false,"hasPreReleaseVersion":false}},{"identifier":{"id":"robbowen.synthwave-vscode","uuid":"e5fd2b56-1637-4d4f-8252-6c9d416f9a28"},"version":"0.1.20","location":{"$mid":1,"path":"/c:/Users/USER/.vscode/extensions/robbowen.synthwave-vscode-0.1.20","scheme":"file"},"relativeLocation":"robbowen.synthwave-vscode-0.1.20","metadata":{"installedTimestamp":1757686959399,"pinned":false,"source":"gallery","id":"e5fd2b56-1637-4d4f-8252-6c9d416f9a28","publisherId":"561257c5-26a1-41f1-944f-17639b7b9c87","publisherDisplayName":"Robb Owen","targetPlatform":"undefined","updated":false,"private":false,"isPreReleaseVersion":false,"hasPreReleaseVersion":false}},{"identifier":{"id":"ms-vscode-remote.remote-wsl","uuid":"f0c5397b-d357-4197-99f0-cb4202f22818"},"version":"0.104.3","location":{"$mid":1,"path":"/c:/Users/USER/.vscode/extensions/ms-vscode-remote.remote-wsl-0.104.3","scheme":"file"},"relativeLocation":"ms-vscode-remote.remote-wsl-0.104.3","metadata":{"isApplicationScoped":false,"isMachineScoped":false,"isBuiltin":false,"installedTimestamp":1760040595528,"pinned":false,"source":"gallery","id":"f0c5397b-d357-4197-99f0-cb4202f22818","publisherId":"ac9410a2-0d75-40ec-90de-b59bb705801d","publisherDisplayName":"Microsoft","targetPlatform":"undefined","updated":true,"private":false,"isPreReleaseVersion":false,"hasPreReleaseVersion":false,"preRelease":false}},{"identifier":{"id":"ms-python.python","uuid":"f1f59ae4-9318-4f3c-a9b5-81b2eaa5f8a5"},"version":"2025.16.0","location":{"$mid":1,"path":"/c:/Users/USER/.vscode/extensions/ms-python.python-2025.16.0-win32-x64","scheme":"file"},"relativeLocation":"ms-python.python-2025.16.0-win32-x64","metadata":{"isApplicationScoped":false,"isMachineScoped":false,"isBuiltin":false,"installedTimestamp":1760040596712,"pinned":false,"source":"gallery","id":"f1f59ae4-9318-4f3c-a9b5-81b2eaa5f8a5","publisherId":"998b010b-e2af-44a5-a6cd-0b5fd3b9b6f8","publisherDisplayName":"Microsoft","targetPlatform":"win32-x64","updated":true,"private":false,"isPreReleaseVersion":false,"hasPreReleaseVersion":false,"preRelease":false}},{"identifier":{"id":"ms-python.vscode-python-envs","uuid":"b41d8e8a-b6d4-4202-8f07-7189bdda81be"},"version":"1.10.0","location":{"$mid":1,"path":"/c:/Users/USER/.vscode/extensions/ms-python.vscode-python-envs-1.10.0-win32-x64","scheme":"file"},"relativeLocation":"ms-python.vscode-python-envs-1.10.0-win32-x64","metadata":{"isApplicationScoped":false,"isMachineScoped":false,"isBuiltin":false,"installedTimestamp":1760159623493,"pinned":false,"source":"gallery","id":"b41d8e8a-b6d4-4202-8f07-7189bdda81be","publisherId":"998b010b-e2af-44a5-a6cd-0b5fd3b9b6f8","publisherDisplayName":"Microsoft","targetPlatform":"win32-x64","updated":true,"private":false,"isPreReleaseVersion":false,"hasPreReleaseVersion":false,"preRelease":false}},{"identifier":{"id":"ms-vscode.azure-repos","uuid":"25cfa506-1433-4595-a73f-61666807126d"},"version":"0.40.0","location":{"$mid":1,"path":"/c:/Users/USER/.vscode/extensions/ms-vscode.azure-repos-0.40.0","scheme":"file"},"relativeLocation":"ms-vscode.azure-repos-0.40.0","metadata":{"installedTimestamp":1760256345427,"pinned":false,"source":"gallery","id":"25cfa506-1433-4595-a73f-61666807126d","publisherId":"5f5636e7-69ed-4afe-b5d6-8d231fb3d3ee","publisherDisplayName":"Microsoft","targetPlatform":"undefined","updated":false,"private":false,"isPreReleaseVersion":false,"hasPreReleaseVersion":false}},{"identifier":{"id":"github.remotehub","uuid":"fc7d7e85-2e58-4c1c-97a3-2172ed9a77cd"},"version":"0.64.0","location":{"$mid":1,"path":"/c:/Users/USER/.vscode/extensions/github.remotehub-0.64.0","scheme":"file"},"relativeLocation":"github.remotehub-0.64.0","metadata":{"installedTimestamp":1760256345431,"pinned":false,"source":"gallery","id":"fc7d7e85-2e58-4c1c-97a3-2172ed9a77cd","publisherId":"7c1c19cd-78eb-4dfb-8999-99caf7679002","publisherDisplayName":"GitHub","targetPlatform":"undefined","updated":false,"private":false,"isPreReleaseVersion":false,"hasPreReleaseVersion":false}},{"identifier":{"id":"ms-vscode.remote-repositories","uuid":"cf5142f0-3701-4992-980c-9895a750addf"},"version":"0.42.0","location":{"$mid":1,"path":"/c:/Users/USER/.vscode/extensions/ms-vscode.remote-repositories-0.42.0","scheme":"file"},"relativeLocation":"ms-vscode.remote-repositories-0.42.0","metadata":{"installedTimestamp":1760256345423,"pinned":false,"source":"gallery","id":"cf5142f0-3701-4992-980c-9895a750addf","publisherId":"5f5636e7-69ed-4afe-b5d6-8d231fb3d3ee","publisherDisplayName":"Microsoft","targetPlatform":"undefined","updated":false,"private":false,"isPreReleaseVersion":false,"hasPreReleaseVersion":false}},{"identifier":{"id":"ms-python.debugpy","uuid":"4bd5d2c9-9d65-401a-b0b2-7498d9f17615"},"version":"2025.14.1","location":{"$mid":1,"path":"/c:/Users/USER/.vscode/extensions/ms-python.debugpy-2025.14.1-win32-x64","scheme":"file"},"relativeLocation":"ms-python.debugpy-2025.14.1-win32-x64","metadata":{"isApplicationScoped":false,"isMachineScoped":false,"isBuiltin":false,"installedTimestamp":1760620397178,"pinned":false,"source":"gallery","id":"4bd5d2c9-9d65-401a-b0b2-7498d9f17615","publisherId":"998b010b-e2af-44a5-a6cd-0b5fd3b9b6f8","publisherDisplayName":"Microsoft","targetPlatform":"win32-x64","updated":true,"private":false,"isPreReleaseVersion":false,"hasPreReleaseVersion":false,"preRelease":false}},{"identifier":{"id":"vscjava.vscode-java-upgrade","uuid":"3b948aef-5c6f-4aa5-aef0-ae1c777b02bb"},"version":"1.7.0","location":{"$mid":1,"path":"/c:/Users/USER/.vscode/extensions/vscjava.vscode-java-upgrade-1.7.0","scheme":"file"},"relativeLocation":"vscjava.vscode-java-upgrade-1.7.0","metadata":{"isApplicationScoped":false,"isMachineScoped":false,"isBuiltin":false,"installedTimestamp":1761051279632,"pinned":false,"source":"gallery","id":"3b948aef-5c6f-4aa5-aef0-ae1c777b02bb","publisherId":"bae08b87-578e-41ec-ab1c-0b036e7add88","publisherDisplayName":"Microsoft","targetPlatform":"undefined","updated":true,"private":false,"isPreReleaseVersion":false,"hasPreReleaseVersion":false,"preRelease":false}},{"identifier":{"id":"vscjava.vscode-java-pack","uuid":"96f11e1f-1a46-4592-b084-f025b2c2a81f"},"version":"0.30.4","location":{"$mid":1,"path":"/c:/Users/USER/.vscode/extensions/vscjava.vscode-java-pack-0.30.4","scheme":"file"},"relativeLocation":"vscjava.vscode-java-pack-0.30.4","metadata":{"isApplicationScoped":false,"isMachineScoped":false,"isBuiltin":false,"installedTimestamp":1761327910133,"pinned":false,"source":"gallery","id":"96f11e1f-1a46-4592-b084-f025b2c2a81f","publisherId":"bae08b87-578e-41ec-ab1c-0b036e7add88","publisherDisplayName":"Microsoft","targetPlatform":"undefined","updated":true,"private":false,"isPreReleaseVersion":false,"hasPreReleaseVersion":false,"preRelease":false}},{"identifier":{"id":"github.copilot","uuid":"23c4aeee-f844-43cd-b53e-1113e483f1a6"},"version":"1.388.0","location":{"$mid":1,"path":"/c:/Users/USER/.vscode/extensions/github.copilot-1.388.0","scheme":"file"},"relativeLocation":"github.copilot-1.388.0","metadata":{"isApplicationScoped":false,"isMachineScoped":false,"isBuiltin":false,"installedTimestamp":1761327910138,"pinned":false,"source":"gallery","id":"23c4aeee-f844-43cd-b53e-1113e483f1a6","publisherId":"7c1c19cd-78eb-4dfb-8999-99caf7679002","publisherDisplayName":"GitHub","targetPlatform":"undefined","updated":true,"private":false,"isPreReleaseVersion":false,"hasPreReleaseVersion":false,"preRelease":false}},{"identifier":{"id":"ms-python.vscode-pylance","uuid":"364d2426-116a-433a-a5d8-a5098dc3afbd"},"version":"2025.9.1","location":{"$mid":1,"path":"/c:/Users/USER/.vscode/extensions/ms-python.vscode-pylance-2025.9.1","scheme":"file"},"relativeLocation":"ms-python.vscode-pylance-2025.9.1","metadata":{"isApplicationScoped":false,"isMachineScoped":false,"isBuiltin":false,"installedTimestamp":1761327910120,"pinned":false,"source":"gallery","id":"364d2426-116a-433a-a5d8-a5098dc3afbd","publisherId":"998b010b-e2af-44a5-a6cd-0b5fd3b9b6f8","publisherDisplayName":"Microsoft","targetPlatform":"undefined","updated":true,"private":false,"isPreReleaseVersion":false,"hasPreReleaseVersion":false,"preRelease":false}},{"identifier":{"id":"ms-vscode.cpptools-extension-pack","uuid":"3957b2f6-f086-49b5-a7b4-5da772123130"},"version":"1.3.1","location":{"$mid":1,"path":"/c:/Users/USER/.vscode/extensions/ms-vscode.cpptools-extension-pack-1.3.1","scheme":"file"},"relativeLocation":"ms-vscode.cpptools-extension-pack-1.3.1","metadata":{"installedTimestamp":1761756674698,"source":"gallery","id":"3957b2f6-f086-49b5-a7b4-5da772123130","publisherId":"5f5636e7-69ed-4afe-b5d6-8d231fb3d3ee","publisherDisplayName":"Microsoft","targetPlatform":"undefined","updated":false,"private":false,"isPreReleaseVersion":false,"hasPreReleaseVersion":false}},{"identifier":{"id":"ms-vscode.cpptools-themes","uuid":"99b17261-8f6e-45f0-9ad5-a69c6f509a4f"},"version":"2.0.0","location":{"$mid":1,"path":"/c:/Users/USER/.vscode/extensions/ms-vscode.cpptools-themes-2.0.0","scheme":"file"},"relativeLocation":"ms-vscode.cpptools-themes-2.0.0","metadata":{"installedTimestamp":1761756674723,"pinned":false,"source":"gallery","id":"99b17261-8f6e-45f0-9ad5-a69c6f509a4f","publisherId":"5f5636e7-69ed-4afe-b5d6-8d231fb3d3ee","publisherDisplayName":"Microsoft","targetPlatform":"undefined","updated":false,"private":false,"isPreReleaseVersion":false,"hasPreReleaseVersion":false}},{"identifier":{"id":"ms-vscode.cmake-tools","uuid":"7c889349-8749-43d4-8b5e-08939936d7f4"},"version":"1.21.36","location":{"$mid":1,"path":"/c:/Users/USER/.vscode/extensions/ms-vscode.cmake-tools-1.21.36","scheme":"file"},"relativeLocation":"ms-vscode.cmake-tools-1.21.36","metadata":{"installedTimestamp":1761756674739,"pinned":false,"source":"gallery","id":"7c889349-8749-43d4-8b5e-08939936d7f4","publisherId":"5f5636e7-69ed-4afe-b5d6-8d231fb3d3ee","publisherDisplayName":"Microsoft","targetPlatform":"undefined","updated":false,"private":false,"isPreReleaseVersion":false,"hasPreReleaseVersion":false}},{"identifier":{"id":"ms-vscode.cpptools","uuid":"690b692e-e8a9-493f-b802-8089d50ac1b2"},"version":"1.28.3","location":{"$mid":1,"path":"/c:/Users/USER/.vscode/extensions/ms-vscode.cpptools-1.28.3-win32-x64","scheme":"file"},"relativeLocation":"ms-vscode.cpptools-1.28.3-win32-x64","metadata":{"installedTimestamp":1761756674743,"pinned":false,"source":"gallery","id":"690b692e-e8a9-493f-b802-8089d50ac1b2","publisherId":"5f5636e7-69ed-4afe-b5d6-8d231fb3d3ee","publisherDisplayName":"Microsoft","targetPlatform":"win32-x64","updated":false,"private":false,"isPreReleaseVersion":false,"hasPreReleaseVersion":false}},{"identifier":{"id":"github.copilot-chat","uuid":"7ec7d6e6-b89e-4cc5-a59b-d6c4d238246f"},"version":"0.32.4","location":{"$mid":1,"path":"/c:/Users/USER/.vscode/extensions/github.copilot-chat-0.32.4","scheme":"file"},"relativeLocation":"github.copilot-chat-0.32.4","metadata":{"isApplicationScoped":false,"isMachineScoped":false,"isBuiltin":false,"installedTimestamp":1761902248242,"pinned":false,"source":"gallery","id":"7ec7d6e6-b89e-4cc5-a59b-d6c4d238246f","publisherId":"7c1c19cd-78eb-4dfb-8999-99caf7679002","publisherDisplayName":"GitHub","targetPlatform":"undefined","updated":true,"private":false,"isPreReleaseVersion":false,"hasPreReleaseVersion":false,"preRelease":false}},{"identifier":{"id":"redhat.java","uuid":"198a707e-28af-4e84-8610-6e2f628dd12d"},"version":"1.47.0","location":{"$mid":1,"path":"/c:/Users/USER/.vscode/extensions/redhat.java-1.47.0-win32-x64","scheme":"file"},"relativeLocation":"redhat.java-1.47.0-win32-x64","metadata":{"isApplicationScoped":false,"isMachineScoped":false,"isBuiltin":false,"installedTimestamp":1761902221716,"pinned":false,"source":"gallery","id":"198a707e-28af-4e84-8610-6e2f628dd12d","publisherId":"eed56242-9699-4317-8bc7-e9f4b9bdd3ff","publisherDisplayName":"Red Hat","targetPlatform":"win32-x64","updated":true,"private":false,"isPreReleaseVersion":false,"hasPreReleaseVersion":false,"preRelease":false}},{"identifier":{"id":"vscjava.vscode-java-dependency","uuid":"7865e561-1c83-410e-9b99-aabada597a7e"},"version":"0.26.3","location":{"$mid":1,"path":"/c:/Users/USER/.vscode/extensions/vscjava.vscode-java-dependency-0.26.3","scheme":"file"},"relativeLocation":"vscjava.vscode-java-dependency-0.26.3","metadata":{"isApplicationScoped":false,"isMachineScoped":false,"isBuiltin":false,"installedTimestamp":1762331545006,"pinned":false,"source":"gallery","id":"7865e561-1c83-410e-9b99-aabada597a7e","publisherId":"bae08b87-578e-41ec-ab1c-0b036e7add88","publisherDisplayName":"Microsoft","targetPlatform":"undefined","updated":true,"private":false,"isPreReleaseVersion":false,"hasPreReleaseVersion":false,"preRelease":false}},{"identifier":{"id":"vscjava.vscode-java-test","uuid":"67c06b0d-1891-42ca-b2a8-113e79bff069"},"version":"0.43.2","location":{"$mid":1,"path":"/c:/Users/USER/.vscode/extensions/vscjava.vscode-java-test-0.43.2","scheme":"file"},"relativeLocation":"vscjava.vscode-java-test-0.43.2","metadata":{"isApplicationScoped":false,"isMachineScoped":false,"isBuiltin":false,"installedTimestamp":1762331545638,"pinned":false,"source":"gallery","id":"67c06b0d-1891-42ca-b2a8-113e79bff069","publisherId":"bae08b87-578e-41ec-ab1c-0b036e7add88","publisherDisplayName":"Microsoft","targetPlatform":"undefined","updated":true,"private":false,"isPreReleaseVersion":false,"hasPreReleaseVersion":false,"preRelease":false}},{"identifier":{"id":"vscjava.vscode-java-debug","uuid":"61fcd0cf-64d7-4836-8d6b-d55f4fb83281"},"version":"0.58.3","location":{"$mid":1,"path":"/c:/Users/USER/.vscode/extensions/vscjava.vscode-java-debug-0.58.3","scheme":"file"},"relativeLocation":"vscjava.vscode-java-debug-0.58.3","metadata":{"isApplicationScoped":false,"isMachineScoped":false,"isBuiltin":false,"installedTimestamp":1762331545004,"pinned":false,"source":"gallery","id":"61fcd0cf-64d7-4836-8d6b-d55f4fb83281","publisherId":"bae08b87-578e-41ec-ab1c-0b036e7add88","publisherDisplayName":"Microsoft","targetPlatform":"undefined","updated":true,"private":false,"isPreReleaseVersion":false,"hasPreReleaseVersion":false,"preRelease":false}},{"identifier":{"id":"vscjava.vscode-gradle","uuid":"a226f06e-9b5e-493b-b92a-553d3572f969"},"version":"3.17.1","location":{"$mid":1,"path":"/c:/Users/USER/.vscode/extensions/vscjava.vscode-gradle-3.17.1","scheme":"file"},"relativeLocation":"vscjava.vscode-gradle-3.17.1","metadata":{"isApplicationScoped":false,"isMachineScoped":false,"isBuiltin":false,"installedTimestamp":1762331545006,"pinned":false,"source":"gallery","id":"a226f06e-9b5e-493b-b92a-553d3572f969","publisherId":"bae08b87-578e-41ec-ab1c-0b036e7add88","publisherDisplayName":"Microsoft","targetPlatform":"undefined","updated":true,"private":false,"isPreReleaseVersion":false,"hasPreReleaseVersion":false,"preRelease":false}},{"identifier":{"id":"vscjava.migrate-java-to-azure","uuid":"67eb125c-be8b-4984-82d2-d7adea5d3677"},"version":"1.6.3","location":{"$mid":1,"path":"/c:/Users/USER/.vscode/extensions/vscjava.migrate-java-to-azure-1.6.3-win32-x64","scheme":"file"},"relativeLocation":"vscjava.migrate-java-to-azure-1.6.3-win32-x64","metadata":{"isApplicationScoped":false,"isMachineScoped":false,"isBuiltin":false,"installedTimestamp":1762331545632,"pinned":false,"source":"gallery","id":"67eb125c-be8b-4984-82d2-d7adea5d3677","publisherId":"bae08b87-578e-41ec-ab1c-0b036e7add88","publisherDisplayName":"Microsoft","targetPlatform":"win32-x64","updated":true,"private":false,"isPreReleaseVersion":false,"hasPreReleaseVersion":false,"preRelease":false}}]